"sequence","support","pattern","apariciones","apariciones_porcentual"
"<{PAPER CHAIN KIT 50'S CHRISTMAS,PAPER CHAIN KIT VINTAGE CHRISTMAS}>",0.072193758733116,2,1303,7.2193758733116
"<{GREEN REGENCY TEACUP AND SAUCER,ROSES REGENCY TEACUP AND SAUCER}>",0.0710293432696786,2,1282,7.10293432696786
"<{GREEN REGENCY TEACUP AND SAUCER,PINK REGENCY TEACUP AND SAUCER}>",0.0647414997671169,2,1169,6.47414997671169
"<{HEART OF WICKER LARGE,HEART OF WICKER SMALL}>",0.0635770843036796,2,1148,6.35770843036796
"<{RED HANGING HEART T-LIGHT HOLDER,WHITE HANGING HEART T-LIGHT HOLDER}>",0.0621797857475547,2,1123,6.21797857475547
"<{REGENCY CAKESTAND 3 TIER,ROSES REGENCY TEACUP AND SAUCER}>",0.0605496040987424,2,1093,6.05496040987424
"<{PINK REGENCY TEACUP AND SAUCER,ROSES REGENCY TEACUP AND SAUCER}>",0.0586865393572427,2,1060,5.86865393572427
"<{GARDENERS KNEELING PAD CUP OF TEA,GARDENERS KNEELING PAD KEEP CALM}>",0.0586865393572427,2,1060,5.86865393572427
"<{JUMBO BAG PINK POLKADOT,JUMBO BAG RED RETROSPOT}>",0.0584536562645552,2,1055,5.84536562645552
"<{LUNCH BAG PINK POLKADOT,LUNCH BAG RED RETROSPOT}>",0.0579878900791803,2,1047,5.79878900791803
"<{LUNCH BAG  BLACK SKULL.,LUNCH BAG RED RETROSPOT}>",0.0577550069864928,2,1043,5.77550069864928
"<{LUNCH BAG CARS BLUE,LUNCH BAG RED RETROSPOT}>",0.0575221238938053,2,1039,5.75221238938053
"<{WOODEN HEART CHRISTMAS SCANDINAVIAN,WOODEN STAR CHRISTMAS SCANDINAVIAN}>",0.0568234746157429,2,1026,5.68234746157429
"<{WOODEN FRAME ANTIQUE WHITE,WOODEN PICTURE FRAME WHITE FINISH}>",0.0568234746157429,2,1026,5.68234746157429
"<{PARTY BUNTING,SPOTTY BUNTING}>",0.0561248253376805,2,1013,5.61248253376805
"<{GREEN REGENCY TEACUP AND SAUCER,REGENCY CAKESTAND 3 TIER}>",0.0561248253376805,2,1013,5.61248253376805
"<{PACK OF 60 PINK PAISLEY CAKE CASES,PACK OF 72 RETROSPOT CAKE CASES}>",0.0556590591523055,2,1005,5.56590591523055
"<{LUNCH BAG RED RETROSPOT,LUNCH BAG SPACEBOY DESIGN}>",0.0556590591523055,2,1005,5.56590591523055
"<{ALARM CLOCK BAKELIKE GREEN,ALARM CLOCK BAKELIKE RED}>",0.0554261760596181,2,1001,5.54261760596181
"<{LUNCH BAG CARS BLUE,LUNCH BAG PINK POLKADOT}>",0.0549604098742431,2,992,5.49604098742431
"<{GREEN REGENCY TEACUP AND SAUCER,PINK REGENCY TEACUP AND SAUCER,ROSES REGENCY TEACUP AND SAUCER}>",0.0547275267815557,3,988,5.47275267815557
"<{LUNCH BAG  BLACK SKULL.,LUNCH BAG PINK POLKADOT}>",0.0540288775034932,2,975,5.40288775034932
"<{BAKING SET 9 PIECE RETROSPOT,BAKING SET SPACEBOY DESIGN}>",0.0535631113181183,2,967,5.35631113181183
"<{PACK OF 72 RETROSPOT CAKE CASES,60 TEATIME FAIRY CAKE CASES}>",0.0530973451327434,2,959,5.30973451327434
"<{LUNCH BAG RED RETROSPOT,LUNCH BAG SUKI DESIGN}>",0.052398695854681,2,946,5.2398695854681
"<{LUNCH BAG SPACEBOY DESIGN,LUNCH BAG WOODLAND}>",0.0517000465766185,2,933,5.17000465766185
"<{LUNCH BAG CARS BLUE,LUNCH BAG SUKI DESIGN}>",0.0514671634839311,2,929,5.14671634839311
"<{LUNCH BAG CARS BLUE,LUNCH BAG SPACEBOY DESIGN}>",0.0514671634839311,2,929,5.14671634839311
"<{SET OF 3 CAKE TINS PANTRY DESIGN,SET OF 6 SPICE TINS PANTRY DESIGN}>",0.0512342803912436,2,925,5.12342803912436
"<{JAM MAKING SET PRINTED,JAM MAKING SET WITH JARS}>",0.0507685142058687,2,917,5.07685142058687
"<{LUNCH BAG  BLACK SKULL.,LUNCH BAG SPACEBOY DESIGN}>",0.0498369818351188,2,900,4.98369818351188
"<{LUNCH BAG RED RETROSPOT,LUNCH BAG WOODLAND}>",0.0491383325570564,2,887,4.91383325570564
"<{JUMBO BAG RED RETROSPOT,LUNCH BAG RED RETROSPOT}>",0.0491383325570564,2,887,4.91383325570564
"<{SPACEBOY LUNCH BOX,DOLLY GIRL LUNCH BOX}>",0.0489054494643689,2,883,4.89054494643689
"<{LUNCH BAG SPACEBOY DESIGN,LUNCH BAG SUKI DESIGN}>",0.0486725663716814,2,879,4.86725663716814
"<{LUNCH BAG RED RETROSPOT},{LUNCH BAG  BLACK SKULL.}>",0.0484396832789939,2,875,4.84396832789939
"<{JUMBO BAG RED RETROSPOT,JUMBO BAG STRAWBERRY}>",0.0484396832789939,2,875,4.84396832789939
"<{PINK REGENCY TEACUP AND SAUCER,REGENCY CAKESTAND 3 TIER}>",0.0482068001863065,2,870,4.82068001863065
"<{LUNCH BAG CARS BLUE},{LUNCH BAG RED RETROSPOT}>",0.047973917093619,2,866,4.7973917093619
"<{LUNCH BAG  BLACK SKULL.,LUNCH BAG SUKI DESIGN}>",0.0477410340009315,2,862,4.77410340009315
"<{LUNCH BAG  BLACK SKULL.},{LUNCH BAG RED RETROSPOT}>",0.0477410340009315,2,862,4.77410340009315
"<{LARGE WHITE HEART OF WICKER,SMALL WHITE HEART OF WICKER}>",0.0475081509082441,2,858,4.75081509082441
"<{LUNCH BAG  BLACK SKULL.,LUNCH BAG CARS BLUE}>",0.0475081509082441,2,858,4.75081509082441
"<{LUNCH BAG RED RETROSPOT},{LUNCH BAG SPACEBOY DESIGN}>",0.0472752678155566,2,854,4.72752678155566
"<{REGENCY CAKESTAND 3 TIER},{SET OF 3 REGENCY CAKE TINS}>",0.0470423847228691,2,849,4.70423847228691
"<{LUNCH BAG RED RETROSPOT},{LUNCH BAG SUKI DESIGN}>",0.0468095016301816,2,845,4.68095016301816
"<{ALARM CLOCK BAKELIKE PINK,ALARM CLOCK BAKELIKE RED}>",0.0468095016301816,2,845,4.68095016301816
"<{GREEN REGENCY TEACUP AND SAUCER,REGENCY CAKESTAND 3 TIER,ROSES REGENCY TEACUP AND SAUCER}>",0.0463437354448067,3,837,4.63437354448067
"<{LUNCH BAG PINK POLKADOT,LUNCH BAG SPACEBOY DESIGN}>",0.0463437354448067,2,837,4.63437354448067
"<{LUNCH BAG PINK POLKADOT},{LUNCH BAG RED RETROSPOT}>",0.0458779692594318,2,828,4.58779692594318
"<{HAND WARMER BIRD DESIGN,HAND WARMER OWL DESIGN}>",0.0458779692594318,2,828,4.58779692594318
"<{LUNCH BAG CARS BLUE,LUNCH BAG WOODLAND}>",0.0456450861667443,2,824,4.56450861667443
"<{JUMBO BAG RED RETROSPOT},{LUNCH BAG RED RETROSPOT}>",0.0456450861667443,2,824,4.56450861667443
"<{HAND WARMER OWL DESIGN,HAND WARMER SCOTTY DOG DESIGN}>",0.0456450861667443,2,824,4.56450861667443
"<{HEART OF WICKER LARGE,WHITE HANGING HEART T-LIGHT HOLDER}>",0.0454122030740568,2,820,4.54122030740568
"<{LUNCH BAG SPACEBOY DESIGN},{LUNCH BAG RED RETROSPOT}>",0.0454122030740568,2,820,4.54122030740568
"<{JUMBO BAG RED RETROSPOT,JUMBO STORAGE BAG SUKI}>",0.0454122030740568,2,820,4.54122030740568
"<{JUMBO BAG RED RETROSPOT},{JUMBO BAG VINTAGE DOILY}>",0.0454122030740568,2,820,4.54122030740568
"<{PARTY BUNTING},{SPOTTY BUNTING}>",0.0451793199813693,2,816,4.51793199813693
"<{REGENCY CAKESTAND 3 TIER,SET OF 3 REGENCY CAKE TINS}>",0.0451793199813693,2,816,4.51793199813693
"<{LUNCH BAG APPLE DESIGN,LUNCH BAG RED RETROSPOT}>",0.0449464368886819,2,811,4.49464368886819
"<{LUNCH BAG DOLLY GIRL DESIGN,LUNCH BAG SPACEBOY DESIGN}>",0.0447135537959944,2,807,4.47135537959944
"<{LUNCH BAG RED RETROSPOT},{LUNCH BAG PINK POLKADOT}>",0.0447135537959944,2,807,4.47135537959944
"<{LUNCH BAG RED RETROSPOT},{LUNCH BAG CARS BLUE}>",0.0444806707033069,2,803,4.44806707033069
"<{JUMBO  BAG BAROQUE BLACK WHITE,JUMBO BAG RED RETROSPOT}>",0.0444806707033069,2,803,4.44806707033069
"<{LUNCH BAG RED RETROSPOT},{JUMBO BAG RED RETROSPOT}>",0.0444806707033069,2,803,4.44806707033069
"<{LUNCH BAG RED RETROSPOT},{LUNCH BAG APPLE DESIGN}>",0.0442477876106195,2,799,4.42477876106195
"<{JUMBO BAG RED RETROSPOT,JUMBO SHOPPER VINTAGE RED PAISLEY}>",0.0442477876106195,2,799,4.42477876106195
"<{LUNCH BAG PINK POLKADOT,LUNCH BAG SUKI DESIGN}>",0.044014904517932,2,795,4.4014904517932
"<{RECIPE BOX PANTRY YELLOW DESIGN,SET OF 3 CAKE TINS PANTRY DESIGN}>",0.0435491383325571,2,786,4.35491383325571
"<{GREEN REGENCY TEACUP AND SAUCER,PINK REGENCY TEACUP AND SAUCER,REGENCY CAKESTAND 3 TIER}>",0.0435491383325571,3,786,4.35491383325571
"<{LUNCH BAG ALPHABET DESIGN,LUNCH BAG APPLE DESIGN}>",0.0435491383325571,2,786,4.35491383325571
"<{JUMBO BAG APPLES,JUMBO BAG RED RETROSPOT}>",0.0435491383325571,2,786,4.35491383325571
"<{LUNCH BAG CARS BLUE},{LUNCH BAG  BLACK SKULL.}>",0.0433162552398696,2,782,4.33162552398696
"<{JUMBO BAG RED RETROSPOT},{JUMBO BAG PINK POLKADOT}>",0.0433162552398696,2,782,4.33162552398696
"<{LUNCH BAG CARS BLUE},{LUNCH BAG SUKI DESIGN}>",0.0430833721471821,2,778,4.30833721471821
"<{JUMBO BAG RED RETROSPOT},{JUMBO BAG APPLES}>",0.0430833721471821,2,778,4.30833721471821
"<{HEART OF WICKER SMALL,WHITE HANGING HEART T-LIGHT HOLDER}>",0.0428504890544946,2,774,4.28504890544946
"<{PINK HAPPY BIRTHDAY BUNTING,BLUE HAPPY BIRTHDAY BUNTING}>",0.0428504890544946,2,774,4.28504890544946
"<{NATURAL SLATE HEART CHALKBOARD,WHITE HANGING HEART T-LIGHT HOLDER}>",0.0426176059618072,2,769,4.26176059618072
"<{PLASTERS IN TIN SPACEBOY,PLASTERS IN TIN WOODLAND ANIMALS}>",0.0426176059618072,2,769,4.26176059618072
"<{JUMBO BAG RED RETROSPOT},{JUMBO BAG 50'S CHRISTMAS}>",0.0426176059618072,2,769,4.26176059618072
"<{WOODEN STAR CHRISTMAS SCANDINAVIAN,WOODEN TREE CHRISTMAS SCANDINAVIAN}>",0.0423847228691197,2,765,4.23847228691197
"<{VINTAGE HEADS AND TAILS CARD GAME,VINTAGE SNAP CARDS}>",0.0423847228691197,2,765,4.23847228691197
"<{SET OF 3 BUTTERFLY COOKIE CUTTERS,SET OF 3 HEART COOKIE CUTTERS}>",0.0421518397764322,2,761,4.21518397764322
"<{LUNCH BAG  BLACK SKULL.},{LUNCH BAG SUKI DESIGN}>",0.0421518397764322,2,761,4.21518397764322
"<{LUNCH BAG APPLE DESIGN,LUNCH BAG SUKI DESIGN}>",0.0421518397764322,2,761,4.21518397764322
"<{LUNCH BAG CARS BLUE},{LUNCH BAG PINK POLKADOT}>",0.0421518397764322,2,761,4.21518397764322
"<{JUMBO BAG PINK POLKADOT},{JUMBO BAG RED RETROSPOT}>",0.0421518397764322,2,761,4.21518397764322
"<{JUMBO BAG PINK VINTAGE PAISLEY,JUMBO BAG RED RETROSPOT}>",0.0421518397764322,2,761,4.21518397764322
"<{HOT WATER BOTTLE I AM SO POORLY,CHOCOLATE HOT WATER BOTTLE}>",0.0421518397764322,2,761,4.21518397764322
"<{ASSORTED COLOUR BIRD ORNAMENT,PAINTED METAL PEARS ASSORTED}>",0.0419189566837448,2,757,4.19189566837448
"<{LUNCH BAG SPACEBOY DESIGN},{LUNCH BAG SUKI DESIGN}>",0.0419189566837448,2,757,4.19189566837448
"<{HOME BUILDING BLOCK WORD,LOVE BUILDING BLOCK WORD}>",0.0419189566837448,2,757,4.19189566837448
"<{JAM MAKING SET WITH JARS,SET OF 3 CAKE TINS PANTRY DESIGN}>",0.0416860735910573,2,753,4.16860735910573
"<{LUNCH BAG  BLACK SKULL.,LUNCH BAG WOODLAND}>",0.0416860735910573,2,753,4.16860735910573
"<{JUMBO BAG RED RETROSPOT,JUMBO BAG VINTAGE DOILY}>",0.0416860735910573,2,753,4.16860735910573
"<{PACK OF 60 PINK PAISLEY CAKE CASES,60 TEATIME FAIRY CAKE CASES}>",0.0414531904983698,2,748,4.14531904983698
"<{JUMBO BAG RED RETROSPOT,JUMBO BAG VINTAGE LEAF}>",0.0414531904983698,2,748,4.14531904983698
"<{SET OF 12 FAIRY CAKE BAKING CASES,SET OF 12 MINI LOAF BAKING CASES}>",0.0409874243129949,2,740,4.09874243129949
"<{JUMBO BAG RED RETROSPOT},{JUMBO BAG VINTAGE LEAF}>",0.0409874243129949,2,740,4.09874243129949
"<{JUMBO BAG 50'S CHRISTMAS,JUMBO BAG VINTAGE CHRISTMAS}>",0.0409874243129949,2,740,4.09874243129949
"<{JUMBO BAG ALPHABET,JUMBO BAG RED RETROSPOT}>",0.0409874243129949,2,740,4.09874243129949
"<{PINK REGENCY TEACUP AND SAUCER,REGENCY CAKESTAND 3 TIER,ROSES REGENCY TEACUP AND SAUCER}>",0.0407545412203074,3,736,4.07545412203074
"<{POPPY'S PLAYHOUSE BEDROOM,POPPY'S PLAYHOUSE KITCHEN}>",0.0407545412203074,2,736,4.07545412203074
"<{LUNCH BAG PINK POLKADOT},{LUNCH BAG  BLACK SKULL.}>",0.0407545412203074,2,736,4.07545412203074
"<{ALARM CLOCK BAKELIKE GREEN,ALARM CLOCK BAKELIKE PINK}>",0.0407545412203074,2,736,4.07545412203074
"<{PARTY BUNTING,WHITE HANGING HEART T-LIGHT HOLDER}>",0.0405216581276199,2,732,4.05216581276199
"<{IVORY KITCHEN SCALES,RED KITCHEN SCALES}>",0.0405216581276199,2,732,4.05216581276199
"<{JUMBO BAG APPLES,JUMBO BAG PEARS}>",0.0405216581276199,2,732,4.05216581276199
"<{LUNCH BAG RED RETROSPOT},{LUNCH BAG WOODLAND}>",0.0402887750349325,2,727,4.02887750349325
"<{LUNCH BAG CARS BLUE},{LUNCH BAG SPACEBOY DESIGN}>",0.0402887750349325,2,727,4.02887750349325
"<{WHITE HANGING HEART T-LIGHT HOLDER,CANDLEHOLDER PINK HANGING HEART}>",0.040055891942245,2,723,4.0055891942245
"<{WOODEN PICTURE FRAME WHITE FINISH},{WOODEN FRAME ANTIQUE WHITE}>",0.0398230088495575,2,719,3.98230088495575
"<{LUNCH BAG APPLE DESIGN,LUNCH BAG VINTAGE LEAF DESIGN}>",0.0398230088495575,2,719,3.98230088495575
"<{JUMBO BAG APPLES,LUNCH BAG APPLE DESIGN}>",0.0398230088495575,2,719,3.98230088495575
"<{LUNCH BAG SPACEBOY DESIGN},{LUNCH BAG  BLACK SKULL.}>",0.0398230088495575,2,719,3.98230088495575
"<{LUNCH BAG SUKI DESIGN},{LUNCH BAG  BLACK SKULL.}>",0.0398230088495575,2,719,3.98230088495575
"<{ALARM CLOCK BAKELIKE IVORY,ALARM CLOCK BAKELIKE RED}>",0.0398230088495575,2,719,3.98230088495575
"<{ASSORTED COLOUR BIRD ORNAMENT,WHITE HANGING HEART T-LIGHT HOLDER}>",0.03959012575687,2,715,3.95901257568701
"<{RED  HARMONICA IN BOX,BLUE HARMONICA IN BOX}>",0.03959012575687,2,715,3.95901257568701
"<{LUNCH BAG PINK POLKADOT,LUNCH BAG WOODLAND}>",0.03959012575687,2,715,3.95901257568701
"<{LUNCH BAG WOODLAND},{LUNCH BAG RED RETROSPOT}>",0.03959012575687,2,715,3.95901257568701
"<{LUNCH BAG  BLACK SKULL.},{LUNCH BAG PINK POLKADOT}>",0.03959012575687,2,715,3.95901257568701
"<{LUNCH BAG  BLACK SKULL.},{LUNCH BAG CARS BLUE}>",0.03959012575687,2,715,3.95901257568701
"<{LUNCH BAG  BLACK SKULL.,LUNCH BAG APPLE DESIGN}>",0.03959012575687,2,715,3.95901257568701
"<{JUMBO BAG RED RETROSPOT},{JUMBO BAG ALPHABET}>",0.03959012575687,2,715,3.95901257568701
"<{HOT WATER BOTTLE TEA AND SYMPATHY,CHOCOLATE HOT WATER BOTTLE}>",0.03959012575687,2,715,3.95901257568701
"<{WHITE HANGING HEART T-LIGHT HOLDER},{RED HANGING HEART T-LIGHT HOLDER}>",0.0393572426641826,2,711,3.93572426641826
"<{LUNCH BAG APPLE DESIGN,LUNCH BAG SPACEBOY DESIGN}>",0.0393572426641826,2,711,3.93572426641826
"<{LUNCH BAG PINK POLKADOT},{LUNCH BAG SPACEBOY DESIGN}>",0.0393572426641826,2,711,3.93572426641826
"<{LUNCH BAG SUKI DESIGN},{LUNCH BAG RED RETROSPOT}>",0.0393572426641826,2,711,3.93572426641826
"<{HAND WARMER BIRD DESIGN,HAND WARMER SCOTTY DOG DESIGN}>",0.0393572426641826,2,711,3.93572426641826
"<{BAKING SET 9 PIECE RETROSPOT,RETROSPOT TEA SET CERAMIC 11 PC}>",0.0391243595714951,2,706,3.91243595714951
"<{PARTY BUNTING,REGENCY CAKESTAND 3 TIER}>",0.0391243595714951,2,706,3.91243595714951
"<{LUNCH BAG  BLACK SKULL.},{LUNCH BAG SPACEBOY DESIGN}>",0.0391243595714951,2,706,3.91243595714951
"<{LUNCH BAG APPLE DESIGN,LUNCH BAG CARS BLUE}>",0.0391243595714951,2,706,3.91243595714951
"<{LUNCH BAG PINK POLKADOT},{LUNCH BAG CARS BLUE}>",0.0391243595714951,2,706,3.91243595714951
"<{HOT WATER BOTTLE KEEP CALM,LOVE HOT WATER BOTTLE}>",0.0391243595714951,2,706,3.91243595714951
"<{REGENCY CAKESTAND 3 TIER},{WHITE HANGING HEART T-LIGHT HOLDER}>",0.0388914764788076,2,702,3.88914764788076
"<{ASSORTED COLOUR BIRD ORNAMENT,REGENCY CAKESTAND 3 TIER}>",0.0388914764788076,2,702,3.88914764788076
"<{LUNCH BAG RED RETROSPOT},{LUNCH BAG ALPHABET DESIGN}>",0.0388914764788076,2,702,3.88914764788076
"<{WHITE HANGING HEART T-LIGHT HOLDER},{HEART OF WICKER LARGE}>",0.0388914764788076,2,702,3.88914764788076
"<{HEART OF WICKER SMALL},{WHITE HANGING HEART T-LIGHT HOLDER}>",0.0386585933861202,2,698,3.86585933861202
"<{LUNCH BAG DOLLY GIRL DESIGN,LUNCH BAG RED RETROSPOT}>",0.0386585933861202,2,698,3.86585933861202
"<{CHRISTMAS CRAFT LITTLE FRIENDS,CHRISTMAS CRAFT WHITE FAIRY}>",0.0386585933861202,2,698,3.86585933861202
"<{WHITE HANGING HEART T-LIGHT HOLDER},{REGENCY CAKESTAND 3 TIER}>",0.0384257102934327,2,694,3.84257102934327
"<{LUNCH BAG PINK POLKADOT},{LUNCH BAG SUKI DESIGN}>",0.0384257102934327,2,694,3.84257102934327
"<{LUNCH BAG CARS BLUE},{LUNCH BAG ALPHABET DESIGN}>",0.0384257102934327,2,694,3.84257102934327
"<{WHITE HANGING HEART T-LIGHT HOLDER},{ASSORTED COLOUR BIRD ORNAMENT}>",0.0384257102934327,2,694,3.84257102934327
"<{PARTY BUNTING},{WHITE HANGING HEART T-LIGHT HOLDER}>",0.0381928272007452,2,690,3.81928272007452
"<{REGENCY CAKESTAND 3 TIER},{PARTY BUNTING}>",0.0381928272007452,2,690,3.81928272007452
"<{LUNCH BAG RED RETROSPOT},{LUNCH BAG VINTAGE DOILY}>",0.0381928272007452,2,690,3.81928272007452
"<{LUNCH BAG APPLE DESIGN,LUNCH BAG PINK POLKADOT}>",0.0381928272007452,2,690,3.81928272007452
"<{LUNCH BAG CARS BLUE},{JUMBO BAG RED RETROSPOT}>",0.0381928272007452,2,690,3.81928272007452
"<{ALARM CLOCK BAKELIKE RED},{ALARM CLOCK BAKELIKE GREEN}>",0.0381928272007452,2,690,3.81928272007452
"<{RED HANGING HEART T-LIGHT HOLDER},{WHITE HANGING HEART T-LIGHT HOLDER}>",0.0379599441080578,2,685,3.79599441080578
"<{SET OF 3 CAKE TINS PANTRY DESIGN,SET OF TEA COFFEE SUGAR TINS PANTRY}>",0.0379599441080578,2,685,3.79599441080578
"<{SET OF 12 FAIRY CAKE BAKING CASES,SET OF 6 TEA TIME BAKING CASES}>",0.0379599441080578,2,685,3.79599441080578
"<{SCOTTIE DOG HOT WATER BOTTLE,CHOCOLATE HOT WATER BOTTLE}>",0.0379599441080578,2,685,3.79599441080578
"<{WHITE HANGING HEART T-LIGHT HOLDER},{PARTY BUNTING}>",0.0379599441080578,2,685,3.79599441080578
"<{PACK OF 60 DINOSAUR CAKE CASES,PACK OF 72 RETROSPOT CAKE CASES}>",0.0379599441080578,2,685,3.79599441080578
"<{LUNCH BAG SUKI DESIGN,LUNCH BAG WOODLAND}>",0.0379599441080578,2,685,3.79599441080578
"<{LUNCH BAG PINK POLKADOT},{JUMBO BAG RED RETROSPOT}>",0.0379599441080578,2,685,3.79599441080578
"<{REGENCY TEA PLATE GREEN,REGENCY TEA PLATE ROSES}>",0.0377270610153703,2,681,3.77270610153703
"<{LUNCH BAG CARS BLUE},{LUNCH BAG APPLE DESIGN}>",0.0377270610153703,2,681,3.77270610153703
"<{WOODEN HEART CHRISTMAS SCANDINAVIAN,WOODEN TREE CHRISTMAS SCANDINAVIAN}>",0.0374941779226828,2,677,3.74941779226828
"<{REGENCY CAKESTAND 3 TIER,SET OF 3 CAKE TINS PANTRY DESIGN}>",0.0374941779226828,2,677,3.74941779226828
"<{REGENCY CAKESTAND 3 TIER},{ROSES REGENCY TEACUP AND SAUCER}>",0.0374941779226828,2,677,3.74941779226828
"<{GREEN REGENCY TEACUP AND SAUCER,PINK REGENCY TEACUP AND SAUCER,REGENCY CAKESTAND 3 TIER,ROSES REGENCY TEACUP AND SAUCER}>",0.0374941779226828,4,677,3.74941779226828
"<{LUNCH BAG SPACEBOY DESIGN},{LUNCH BAG WOODLAND}>",0.0374941779226828,2,677,3.74941779226828
"<{LUNCH BAG SUKI DESIGN},{LUNCH BAG SPACEBOY DESIGN}>",0.0374941779226828,2,677,3.74941779226828
"<{WHITE HANGING HEART T-LIGHT HOLDER},{HEART OF WICKER SMALL}>",0.0374941779226828,2,677,3.74941779226828
"<{FELTCRAFT PRINCESS CHARLOTTE DOLL,FELTCRAFT PRINCESS LOLA DOLL}>",0.0374941779226828,2,677,3.74941779226828
"<{LUNCH BAG WOODLAND},{LUNCH BAG SPACEBOY DESIGN}>",0.0372612948299953,2,673,3.72612948299953
"<{JUMBO BAG RED RETROSPOT},{LUNCH BAG PINK POLKADOT}>",0.0372612948299953,2,673,3.72612948299953
"<{LUNCH BAG WOODLAND},{LUNCH BAG  BLACK SKULL.}>",0.0372612948299953,2,673,3.72612948299953
"<{JUMBO BAG APPLES},{JUMBO BAG RED RETROSPOT}>",0.0372612948299953,2,673,3.72612948299953
"<{HOT WATER BOTTLE KEEP CALM,HOT WATER BOTTLE TEA AND SYMPATHY}>",0.0372612948299953,2,673,3.72612948299953
"<{HOT WATER BOTTLE KEEP CALM,CHOCOLATE HOT WATER BOTTLE}>",0.0372612948299953,2,673,3.72612948299953
"<{REGENCY CAKESTAND 3 TIER,WHITE HANGING HEART T-LIGHT HOLDER}>",0.0370284117373079,2,669,3.70284117373079
"<{LUNCH BAG ALPHABET DESIGN,LUNCH BAG SUKI DESIGN}>",0.0370284117373079,2,669,3.70284117373079
"<{LUNCH BAG APPLE DESIGN},{LUNCH BAG RED RETROSPOT}>",0.0370284117373079,2,669,3.70284117373079
"<{JUMBO BAG ALPHABET,LUNCH BAG ALPHABET DESIGN}>",0.0370284117373079,2,669,3.70284117373079
"<{JUMBO BAG RED RETROSPOT},{LUNCH BAG  BLACK SKULL.}>",0.0370284117373079,2,669,3.70284117373079
"<{JUMBO BAG ALPHABET},{JUMBO BAG RED RETROSPOT}>",0.0370284117373079,2,669,3.70284117373079
"<{ALARM CLOCK BAKELIKE GREEN},{ALARM CLOCK BAKELIKE RED}>",0.0370284117373079,2,669,3.70284117373079
"<{REGENCY MILK JUG PINK,REGENCY SUGAR BOWL GREEN}>",0.0367955286446204,2,664,3.67955286446204
"<{LUNCH BAG APPLE DESIGN,LUNCH BAG WOODLAND}>",0.0367955286446204,2,664,3.67955286446204
"<{LUNCH BAG ALPHABET DESIGN,LUNCH BAG RED RETROSPOT}>",0.0367955286446204,2,664,3.67955286446204
"<{JUMBO BAG DOILEY PATTERNS},{JUMBO BAG RED RETROSPOT}>",0.0367955286446204,2,664,3.67955286446204
"<{WHITE HANGING HEART T-LIGHT HOLDER},{WOODEN PICTURE FRAME WHITE FINISH}>",0.0365626455519329,2,660,3.65626455519329
"<{WHITE HANGING HEART T-LIGHT HOLDER,WOODEN PICTURE FRAME WHITE FINISH}>",0.0365626455519329,2,660,3.65626455519329
"<{LUNCH BAG SPACEBOY DESIGN},{LUNCH BAG PINK POLKADOT}>",0.0365626455519329,2,660,3.65626455519329
"<{LUNCH BAG SPACEBOY DESIGN},{LUNCH BAG CARS BLUE}>",0.0365626455519329,2,660,3.65626455519329
"<{JUMBO BAG DOILEY PATTERNS},{JUMBO BAG VINTAGE DOILY}>",0.0365626455519329,2,660,3.65626455519329
"<{WHITE HANGING HEART T-LIGHT HOLDER},{JUMBO BAG RED RETROSPOT}>",0.0365626455519329,2,660,3.65626455519329
"<{WHITE HANGING HEART T-LIGHT HOLDER},{SMALL WHITE HEART OF WICKER}>",0.0363297624592455,2,656,3.63297624592455
"<{SET OF 3 CAKE TINS PANTRY DESIGN},{SET OF 3 REGENCY CAKE TINS}>",0.0363297624592455,2,656,3.63297624592455
"<{RETROSPOT HEART HOT WATER BOTTLE,SCOTTIE DOG HOT WATER BOTTLE}>",0.0363297624592455,2,656,3.63297624592455
"<{PACK OF 72 RETROSPOT CAKE CASES,PACK OF 72 SKULL CAKE CASES}>",0.0363297624592455,2,656,3.63297624592455
"<{LUNCH BAG ALPHABET DESIGN,LUNCH BAG SPACEBOY DESIGN}>",0.0363297624592455,2,656,3.63297624592455
"<{JUMBO BAG RED RETROSPOT,LUNCH BAG PINK POLKADOT}>",0.0363297624592455,2,656,3.63297624592455
"<{LUNCH BAG ALPHABET DESIGN,LUNCH BAG CARS BLUE}>",0.0363297624592455,2,656,3.63297624592455
"<{LUNCH BAG  BLACK SKULL.,LUNCH BAG ALPHABET DESIGN}>",0.0363297624592455,2,656,3.63297624592455
"<{CHILDRENS CUTLERY DOLLY GIRL,CHILDRENS CUTLERY SPACEBOY}>",0.0363297624592455,2,656,3.63297624592455
"<{HEART OF WICKER LARGE},{WHITE HANGING HEART T-LIGHT HOLDER}>",0.036096879366558,2,652,3.6096879366558
"<{SET OF 12 FAIRY CAKE BAKING CASES,SET OF 6 SNACK LOAF BAKING CASES}>",0.036096879366558,2,652,3.6096879366558
"<{PARTY BUNTING},{REGENCY CAKESTAND 3 TIER}>",0.036096879366558,2,652,3.6096879366558
"<{ROSES REGENCY TEACUP AND SAUCER},{REGENCY CAKESTAND 3 TIER}>",0.036096879366558,2,652,3.6096879366558
"<{PLASTERS IN TIN CIRCUS PARADE,PLASTERS IN TIN WOODLAND ANIMALS}>",0.036096879366558,2,652,3.6096879366558
"<{LUNCH BAG PINK POLKADOT},{LUNCH BAG APPLE DESIGN}>",0.036096879366558,2,652,3.6096879366558
"<{LUNCH BAG PINK POLKADOT},{LUNCH BAG ALPHABET DESIGN}>",0.036096879366558,2,652,3.6096879366558
"<{JUMBO BAG ALPHABET,JUMBO BAG VINTAGE LEAF}>",0.036096879366558,2,652,3.6096879366558
"<{LUNCH BAG  BLACK SKULL.},{JUMBO BAG RED RETROSPOT}>",0.036096879366558,2,652,3.6096879366558
"<{GIN + TONIC DIET METAL SIGN,COOK WITH WINE METAL SIGN}>",0.036096879366558,2,652,3.6096879366558
"<{LUNCH BAG RED RETROSPOT},{LUNCH BAG RED RETROSPOT,LUNCH BAG SUKI DESIGN}>",0.0358639962738705,3,647,3.58639962738705
"<{LUNCH BAG  BLACK SKULL.,LUNCH BAG PINK POLKADOT,LUNCH BAG RED RETROSPOT}>",0.0358639962738705,3,647,3.58639962738705
"<{JUMBO BAG APPLES,JUMBO BAG VINTAGE LEAF}>",0.0358639962738705,2,647,3.58639962738705
"<{HAND WARMER OWL DESIGN,HAND WARMER UNION JACK}>",0.0358639962738705,2,647,3.58639962738705
"<{POPPY'S PLAYHOUSE KITCHEN,POPPY'S PLAYHOUSE LIVINGROOM}>",0.035631113181183,2,643,3.5631113181183
"<{LUNCH BAG ALPHABET DESIGN},{LUNCH BAG RED RETROSPOT}>",0.035631113181183,2,643,3.5631113181183
"<{LUNCH BAG  BLACK SKULL.},{LUNCH BAG APPLE DESIGN}>",0.035631113181183,2,643,3.5631113181183
"<{HEART OF WICKER LARGE,LARGE WHITE HEART OF WICKER}>",0.035631113181183,2,643,3.5631113181183
"<{JUMBO BAG ALPHABET,JUMBO BAG APPLES}>",0.035631113181183,2,643,3.5631113181183
"<{CHRISTMAS CRAFT LITTLE FRIENDS,CHRISTMAS CRAFT TREE TOP ANGEL}>",0.035631113181183,2,643,3.5631113181183
"<{PACK OF 72 RETROSPOT CAKE CASES,SET/20 RED RETROSPOT PAPER NAPKINS}>",0.0353982300884956,2,639,3.53982300884956
"<{REGENCY CAKESTAND 3 TIER,REGENCY TEAPOT ROSES}>",0.0353982300884956,2,639,3.53982300884956
"<{SET OF 3 CAKE TINS PANTRY DESIGN},{REGENCY CAKESTAND 3 TIER}>",0.0353982300884956,2,639,3.53982300884956
"<{PINK BLUE FELT CRAFT TRINKET BOX,PINK CREAM FELT CRAFT TRINKET BOX}>",0.0353982300884956,2,639,3.53982300884956
"<{JUMBO BAG STRAWBERRY},{JUMBO BAG RED RETROSPOT}>",0.0353982300884956,2,639,3.53982300884956
"<{WOODEN FRAME ANTIQUE WHITE},{WOODEN PICTURE FRAME WHITE FINISH}>",0.0351653469958081,2,635,3.51653469958081
"<{HEART OF WICKER SMALL,SMALL WHITE HEART OF WICKER}>",0.0351653469958081,2,635,3.51653469958081
"<{JAM MAKING SET PRINTED,SET OF 3 CAKE TINS PANTRY DESIGN}>",0.0351653469958081,2,635,3.51653469958081
"<{SET OF 20 VINTAGE CHRISTMAS NAPKINS,60 CAKE CASES VINTAGE CHRISTMAS}>",0.0351653469958081,2,635,3.51653469958081
"<{LUNCH BAG CARS BLUE,LUNCH BAG PINK POLKADOT,LUNCH BAG RED RETROSPOT}>",0.0351653469958081,3,635,3.51653469958081
"<{JUMBO BAG RED RETROSPOT,LUNCH BAG CARS BLUE}>",0.0351653469958081,2,635,3.51653469958081
"<{JUMBO BAG VINTAGE DOILY,JUMBO BAG VINTAGE LEAF}>",0.0351653469958081,2,635,3.51653469958081
"<{JUMBO SHOPPER VINTAGE RED PAISLEY},{JUMBO BAG RED RETROSPOT}>",0.0351653469958081,2,635,3.51653469958081
"<{JUMBO BAG RED RETROSPOT},{JUMBO BAG PINK POLKADOT,JUMBO BAG RED RETROSPOT}>",0.0351653469958081,3,635,3.51653469958081
"<{WHITE HANGING HEART T-LIGHT HOLDER},{SPOTTY BUNTING}>",0.0349324639031206,2,631,3.49324639031206
"<{HEART OF WICKER SMALL},{SMALL WHITE HEART OF WICKER}>",0.0349324639031206,2,631,3.49324639031206
"<{REGENCY MILK JUG PINK,REGENCY TEAPOT ROSES}>",0.0349324639031206,2,631,3.49324639031206
"<{REGENCY SUGAR BOWL GREEN,REGENCY TEAPOT ROSES}>",0.0349324639031206,2,631,3.49324639031206
"<{72 SWEETHEART FAIRY CAKE CASES,PACK OF 72 RETROSPOT CAKE CASES}>",0.0349324639031206,2,631,3.49324639031206
"<{LUNCH BAG PINK POLKADOT,LUNCH BAG RED RETROSPOT},{LUNCH BAG RED RETROSPOT}>",0.0349324639031206,3,631,3.49324639031206
"<{LUNCH BAG  BLACK SKULL.,LUNCH BAG RED RETROSPOT},{LUNCH BAG RED RETROSPOT}>",0.0349324639031206,3,631,3.49324639031206
"<{LUNCH BAG SUKI DESIGN},{LUNCH BAG CARS BLUE}>",0.0349324639031206,2,631,3.49324639031206
"<{REGENCY CAKESTAND 3 TIER},{ASSORTED COLOUR BIRD ORNAMENT}>",0.0349324639031206,2,631,3.49324639031206
"<{NATURAL SLATE HEART CHALKBOARD},{WHITE HANGING HEART T-LIGHT HOLDER}>",0.0346995808104332,2,626,3.46995808104332
"<{WOODEN PICTURE FRAME WHITE FINISH},{WHITE HANGING HEART T-LIGHT HOLDER}>",0.0346995808104332,2,626,3.46995808104332
"<{RED RETROSPOT CHARLOTTE BAG,CHARLOTTE BAG PINK POLKADOT}>",0.0346995808104332,2,626,3.46995808104332
"<{PLASTERS IN TIN CIRCUS PARADE,PLASTERS IN TIN SPACEBOY}>",0.0346995808104332,2,626,3.46995808104332
"<{LUNCH BAG  BLACK SKULL.},{LUNCH BAG WOODLAND}>",0.0346995808104332,2,626,3.46995808104332
"<{LUNCH BAG ALPHABET DESIGN,LUNCH BAG VINTAGE LEAF DESIGN}>",0.0346995808104332,2,626,3.46995808104332
"<{LUNCH BAG ALPHABET DESIGN},{LUNCH BAG SPACEBOY DESIGN}>",0.0346995808104332,2,626,3.46995808104332
"<{LUNCH BAG SUKI DESIGN},{LUNCH BAG PINK POLKADOT}>",0.0346995808104332,2,626,3.46995808104332
"<{LUNCH BAG  BLACK SKULL.},{LUNCH BAG ALPHABET DESIGN}>",0.0346995808104332,2,626,3.46995808104332
"<{WHITE HANGING HEART T-LIGHT HOLDER},{LARGE WHITE HEART OF WICKER}>",0.0346995808104332,2,626,3.46995808104332
"<{HAND WARMER OWL DESIGN,HAND WARMER RED LOVE HEART}>",0.0346995808104332,2,626,3.46995808104332
"<{72 SWEETHEART FAIRY CAKE CASES,60 TEATIME FAIRY CAKE CASES}>",0.0346995808104332,2,626,3.46995808104332
"<{SPOTTY BUNTING},{PARTY BUNTING}>",0.0344666977177457,2,622,3.44666977177457
"<{LUNCH BAG CARS BLUE},{LUNCH BAG WOODLAND}>",0.0344666977177457,2,622,3.44666977177457
"<{JUMBO BAG VINTAGE DOILY,LUNCH BAG VINTAGE DOILY}>",0.0344666977177457,2,622,3.44666977177457
"<{LUNCH BAG CARS BLUE},{LUNCH BAG VINTAGE DOILY}>",0.0344666977177457,2,622,3.44666977177457
"<{LUNCH BAG WOODLAND},{LUNCH BAG SUKI DESIGN}>",0.0344666977177457,2,622,3.44666977177457
"<{LUNCH BAG RED RETROSPOT},{LUNCH BAG PINK POLKADOT,LUNCH BAG RED RETROSPOT}>",0.0344666977177457,3,622,3.44666977177457
"<{LUNCH BAG  BLACK SKULL.},{LUNCH BAG  BLACK SKULL.,LUNCH BAG RED RETROSPOT}>",0.0344666977177457,3,622,3.44666977177457
"<{JUMBO BAG DOILEY PATTERNS,LUNCH BAG DOILEY PATTERN}>",0.0344666977177457,2,622,3.44666977177457
"<{LUNCH BAG SPACEBOY DESIGN},{LUNCH BAG APPLE DESIGN}>",0.0344666977177457,2,622,3.44666977177457
"<{LUNCH BAG SUKI DESIGN},{LUNCH BAG APPLE DESIGN}>",0.0344666977177457,2,622,3.44666977177457
"<{JUMBO STORAGE BAG SUKI},{JUMBO BAG RED RETROSPOT}>",0.0344666977177457,2,622,3.44666977177457
"<{RED RETROSPOT CHARLOTTE BAG,WOODLAND CHARLOTTE BAG}>",0.0342338146250582,2,618,3.42338146250582
"<{SET OF 12 MINI LOAF BAKING CASES,SET OF 6 TEA TIME BAKING CASES}>",0.0342338146250582,2,618,3.42338146250582
"<{SET OF 12 MINI LOAF BAKING CASES,SET OF 6 SNACK LOAF BAKING CASES}>",0.0342338146250582,2,618,3.42338146250582
"<{POPPY'S PLAYHOUSE BEDROOM,POPPY'S PLAYHOUSE LIVINGROOM}>",0.0342338146250582,2,618,3.42338146250582
"<{PLASTERS IN TIN STRONGMAN,PLASTERS IN TIN WOODLAND ANIMALS}>",0.0342338146250582,2,618,3.42338146250582
"<{LUNCH BAG RED RETROSPOT,LUNCH BAG VINTAGE DOILY}>",0.0342338146250582,2,618,3.42338146250582
"<{LUNCH BAG RED RETROSPOT},{LUNCH BAG  BLACK SKULL.,LUNCH BAG RED RETROSPOT}>",0.0342338146250582,3,618,3.42338146250582
"<{LUNCH BAG SPACEBOY DESIGN},{LUNCH BAG ALPHABET DESIGN}>",0.0342338146250582,2,618,3.42338146250582
"<{LUNCH BAG  BLACK SKULL.,LUNCH BAG RED RETROSPOT},{LUNCH BAG  BLACK SKULL.}>",0.0342338146250582,3,618,3.42338146250582
"<{JUMBO BAG RED RETROSPOT},{JUMBO STORAGE BAG SUKI}>",0.0342338146250582,2,618,3.42338146250582
"<{JUMBO BAG RED RETROSPOT},{JUMBO SHOPPER VINTAGE RED PAISLEY}>",0.0342338146250582,2,618,3.42338146250582
"<{PACK OF 72 RETROSPOT CAKE CASES},{JUMBO BAG RED RETROSPOT}>",0.0342338146250582,2,618,3.42338146250582
"<{JUMBO BAG PINK POLKADOT,JUMBO BAG RED RETROSPOT},{JUMBO BAG RED RETROSPOT}>",0.0342338146250582,3,618,3.42338146250582
"<{HAND WARMER SCOTTY DOG DESIGN,HAND WARMER UNION JACK}>",0.0342338146250582,2,618,3.42338146250582
"<{HAND OVER THE CHOCOLATE   SIGN,COOK WITH WINE METAL SIGN}>",0.0342338146250582,2,618,3.42338146250582
"<{REGENCY CAKESTAND 3 TIER},{GREEN REGENCY TEACUP AND SAUCER}>",0.0342338146250582,2,618,3.42338146250582
"<{ALARM CLOCK BAKELIKE PINK},{ALARM CLOCK BAKELIKE RED}>",0.0342338146250582,2,618,3.42338146250582
"<{ALARM CLOCK BAKELIKE GREEN,ALARM CLOCK BAKELIKE PINK,ALARM CLOCK BAKELIKE RED}>",0.0342338146250582,3,618,3.42338146250582
"<{WOODEN HEART CHRISTMAS SCANDINAVIAN,WOODEN STAR CHRISTMAS SCANDINAVIAN,WOODEN TREE CHRISTMAS SCANDINAVIAN}>",0.0340009315323707,3,614,3.40009315323708
"<{SET/10 BLUE POLKADOT PARTY CANDLES,SET/10 PINK POLKADOT PARTY CANDLES}>",0.0340009315323707,2,614,3.40009315323708
"<{RECIPE BOX PANTRY YELLOW DESIGN},{SET OF 3 CAKE TINS PANTRY DESIGN}>",0.0340009315323707,2,614,3.40009315323708
"<{JUMBO BAG RED RETROSPOT},{JUMBO BAG STRAWBERRY}>",0.0340009315323707,2,614,3.40009315323708
"<{PACK OF 72 RETROSPOT CAKE CASES},{SET OF 60 PANTRY DESIGN CAKE CASES}>",0.0337680484396833,2,610,3.37680484396833
"<{JUMBO BAG RED RETROSPOT,RED RETROSPOT CHARLOTTE BAG}>",0.0337680484396833,2,610,3.37680484396833
"<{JUMBO BAG RED RETROSPOT},{JUMBO  BAG BAROQUE BLACK WHITE}>",0.0337680484396833,2,610,3.37680484396833
"<{ALARM CLOCK BAKELIKE GREEN,ALARM CLOCK BAKELIKE IVORY}>",0.0337680484396833,2,610,3.37680484396833
"<{REGENCY TEA PLATE GREEN,REGENCY TEA PLATE PINK}>",0.0335351653469958,2,605,3.35351653469958
"<{PARTY BUNTING},{PAPER CHAIN KIT 50'S CHRISTMAS}>",0.0335351653469958,2,605,3.35351653469958
"<{PACK OF 60 SPACEBOY CAKE CASES,PACK OF 72 RETROSPOT CAKE CASES}>",0.0335351653469958,2,605,3.35351653469958
"<{WHITE HANGING HEART T-LIGHT HOLDER},{NATURAL SLATE HEART CHALKBOARD}>",0.0335351653469958,2,605,3.35351653469958
"<{LUNCH BAG RED RETROSPOT},{LUNCH BAG VINTAGE LEAF DESIGN}>",0.0335351653469958,2,605,3.35351653469958
"<{JUMBO BAG RED RETROSPOT},{LUNCH BAG APPLE DESIGN}>",0.0335351653469958,2,605,3.35351653469958
"<{LUNCH BAG ALPHABET DESIGN},{LUNCH BAG  BLACK SKULL.}>",0.0335351653469958,2,605,3.35351653469958
"<{JUMBO BAG PINK POLKADOT,JUMBO BAG STRAWBERRY}>",0.0335351653469958,2,605,3.35351653469958
"<{JUMBO BAG RED RETROSPOT,JUMBO BAG SPACEBOY DESIGN}>",0.0335351653469958,2,605,3.35351653469958
"<{HEART OF WICKER LARGE},{HEART OF WICKER SMALL}>",0.0335351653469958,2,605,3.35351653469958
"<{ALARM CLOCK BAKELIKE RED},{ALARM CLOCK BAKELIKE GREEN,ALARM CLOCK BAKELIKE RED}>",0.0335351653469958,3,605,3.35351653469958
"<{JUMBO BAG RED RETROSPOT},{WHITE HANGING HEART T-LIGHT HOLDER}>",0.0333022822543083,2,601,3.33022822543083
"<{REGENCY CAKESTAND 3 TIER},{SPOTTY BUNTING}>",0.0333022822543083,2,601,3.33022822543083
"<{LUNCH BAG SPACEBOY DESIGN},{LUNCH BAG VINTAGE DOILY}>",0.0333022822543083,2,601,3.33022822543083
"<{JUMBO BAG RED RETROSPOT},{LUNCH BAG SPACEBOY DESIGN}>",0.0333022822543083,2,601,3.33022822543083
"<{LUNCH BAG ALPHABET DESIGN,LUNCH BAG PINK POLKADOT}>",0.0333022822543083,2,601,3.33022822543083
"<{LUNCH BAG ALPHABET DESIGN},{LUNCH BAG APPLE DESIGN}>",0.0333022822543083,2,601,3.33022822543083
"<{JUMBO BAG RED RETROSPOT,LUNCH BAG  BLACK SKULL.}>",0.0333022822543083,2,601,3.33022822543083
"<{LUNCH BAG APPLE DESIGN},{LUNCH BAG  BLACK SKULL.}>",0.0333022822543083,2,601,3.33022822543083
"<{JUMBO BAG RED RETROSPOT,JUMBO BAG WOODLAND ANIMALS}>",0.0333022822543083,2,601,3.33022822543083
"<{JUMBO  BAG BAROQUE BLACK WHITE},{JUMBO BAG RED RETROSPOT}>",0.0333022822543083,2,601,3.33022822543083
"<{WHITE HANGING HEART T-LIGHT HOLDER,WOODEN FRAME ANTIQUE WHITE}>",0.0330693991616209,2,597,3.30693991616209
"<{SET/6 RED SPOTTY PAPER CUPS,SET/6 RED SPOTTY PAPER PLATES}>",0.0330693991616209,2,597,3.30693991616209
"<{PLEASE ONE PERSON METAL SIGN,COOK WITH WINE METAL SIGN}>",0.0330693991616209,2,597,3.30693991616209
"<{LUNCH BAG RED RETROSPOT,LUNCH BAG SPACEBOY DESIGN,LUNCH BAG WOODLAND}>",0.0330693991616209,3,597,3.30693991616209
"<{LUNCH BAG APPLE DESIGN},{LUNCH BAG SPACEBOY DESIGN}>",0.0330693991616209,2,597,3.30693991616209
"<{LUNCH BAG CARS BLUE,LUNCH BAG RED RETROSPOT},{LUNCH BAG RED RETROSPOT}>",0.0330693991616209,3,597,3.30693991616209
"<{LUNCH BAG WOODLAND},{LUNCH BAG CARS BLUE}>",0.0330693991616209,2,597,3.30693991616209
"<{JUMBO BAG RED RETROSPOT,JUMBO BAG SCANDINAVIAN BLUE PAISLEY}>",0.0330693991616209,2,597,3.30693991616209
"<{HEART OF WICKER SMALL},{HEART OF WICKER LARGE}>",0.0330693991616209,2,597,3.30693991616209
"<{WHITE HANGING HEART T-LIGHT HOLDER},{WOODEN FRAME ANTIQUE WHITE}>",0.0328365160689334,2,593,3.28365160689334
"<{REGENCY TEAPOT ROSES,ROSES REGENCY TEACUP AND SAUCER}>",0.0328365160689334,2,593,3.28365160689334
"<{LUNCH BAG RED RETROSPOT,LUNCH BAG VINTAGE LEAF DESIGN}>",0.0328365160689334,2,593,3.28365160689334
"<{LUNCH BAG CARS BLUE,LUNCH BAG RED RETROSPOT,LUNCH BAG SUKI DESIGN}>",0.0328365160689334,3,593,3.28365160689334
"<{LUNCH BAG PINK POLKADOT,LUNCH BAG RED RETROSPOT,LUNCH BAG SPACEBOY DESIGN}>",0.0328365160689334,3,593,3.28365160689334
"<{PACK OF 72 RETROSPOT CAKE CASES},{LUNCH BAG RED RETROSPOT}>",0.0328365160689334,2,593,3.28365160689334
"<{JUMBO BAG RED RETROSPOT},{LUNCH BAG CARS BLUE}>",0.0328365160689334,2,593,3.28365160689334
"<{LUNCH BAG WOODLAND},{LUNCH BAG APPLE DESIGN}>",0.0328365160689334,2,593,3.28365160689334
"<{JUMBO BAG PINK VINTAGE PAISLEY,JUMBO SHOPPER VINTAGE RED PAISLEY}>",0.0328365160689334,2,593,3.28365160689334
"<{JUMBO BAG RED RETROSPOT},{JUMBO BAG VINTAGE CHRISTMAS}>",0.0328365160689334,2,593,3.28365160689334
"<{JUMBO BAG RED RETROSPOT},{JUMBO BAG PAISLEY PARK}>",0.0328365160689334,2,593,3.28365160689334
"<{FELTCRAFT CUSHION OWL,FELTCRAFT CUSHION RABBIT}>",0.0328365160689334,2,593,3.28365160689334
"<{SET OF 3 CAKE TINS PANTRY DESIGN},{SET OF 6 SPICE TINS PANTRY DESIGN}>",0.0326036329762459,2,589,3.26036329762459
"<{HOT WATER BOTTLE KEEP CALM,SCOTTIE DOG HOT WATER BOTTLE}>",0.0326036329762459,2,589,3.26036329762459
"<{REGENCY TEA PLATE ROSES,ROSES REGENCY TEACUP AND SAUCER}>",0.0326036329762459,2,589,3.26036329762459
"<{PLASTERS IN TIN CIRCUS PARADE,PLASTERS IN TIN STRONGMAN}>",0.0326036329762459,2,589,3.26036329762459
"<{PACK OF 60 DINOSAUR CAKE CASES,60 TEATIME FAIRY CAKE CASES}>",0.0326036329762459,2,589,3.26036329762459
"<{LUNCH BAG DOILEY PATTERN},{LUNCH BAG VINTAGE DOILY}>",0.0326036329762459,2,589,3.26036329762459
"<{LUNCH BAG APPLE DESIGN},{LUNCH BAG SUKI DESIGN}>",0.0326036329762459,2,589,3.26036329762459
"<{JUMBO BAG PINK POLKADOT,LUNCH BAG PINK POLKADOT}>",0.0326036329762459,2,589,3.26036329762459
"<{LUNCH BAG  BLACK SKULL.,LUNCH BAG DOLLY GIRL DESIGN}>",0.0326036329762459,2,589,3.26036329762459
"<{HEART OF WICKER SMALL},{LARGE WHITE HEART OF WICKER}>",0.0326036329762459,2,589,3.26036329762459
"<{RED RETROSPOT CHARLOTTE BAG,STRAWBERRY CHARLOTTE BAG}>",0.0323707498835585,2,584,3.23707498835585
"<{SET OF 3 CAKE TINS PANTRY DESIGN},{SPOTTY BUNTING}>",0.0323707498835585,2,584,3.23707498835585
"<{SET OF 3 CAKE TINS PANTRY DESIGN},{SET OF TEA COFFEE SUGAR TINS PANTRY}>",0.0323707498835585,2,584,3.23707498835585
"<{RETROSPOT HEART HOT WATER BOTTLE,CHOCOLATE HOT WATER BOTTLE}>",0.0323707498835585,2,584,3.23707498835585
"<{PAPER CHAIN KIT 50'S CHRISTMAS,BOX OF 6 MINI 50'S CRACKERS}>",0.0323707498835585,2,584,3.23707498835585
"<{LUNCH BAG  BLACK SKULL.},{LUNCH BAG VINTAGE DOILY}>",0.0323707498835585,2,584,3.23707498835585
"<{LUNCH BAG PINK POLKADOT},{LUNCH BAG VINTAGE DOILY}>",0.0323707498835585,2,584,3.23707498835585
"<{LUNCH BAG  BLACK SKULL.},{LUNCH BAG  BLACK SKULL.,LUNCH BAG SUKI DESIGN}>",0.0323707498835585,3,584,3.23707498835585
"<{LUNCH BAG  BLACK SKULL.,LUNCH BAG RED RETROSPOT,LUNCH BAG SPACEBOY DESIGN}>",0.0323707498835585,3,584,3.23707498835585
"<{JUMBO BAG PEARS,JUMBO BAG VINTAGE LEAF}>",0.0323707498835585,2,584,3.23707498835585
"<{JUMBO BAG PINK VINTAGE PAISLEY,JUMBO BAG SCANDINAVIAN BLUE PAISLEY}>",0.0323707498835585,2,584,3.23707498835585
"<{JUMBO BAG VINTAGE LEAF},{JUMBO BAG RED RETROSPOT}>",0.0323707498835585,2,584,3.23707498835585
"<{BOX OF 6 MINI 50'S CRACKERS,BOX OF 6 MINI VINTAGE CRACKERS}>",0.0323707498835585,2,584,3.23707498835585
"<{JUMBO BAG RED RETROSPOT,WHITE HANGING HEART T-LIGHT HOLDER}>",0.032137866790871,2,580,3.2137866790871
"<{WHITE HANGING HEART T-LIGHT HOLDER},{RED HANGING HEART T-LIGHT HOLDER,WHITE HANGING HEART T-LIGHT HOLDER}>",0.032137866790871,3,580,3.2137866790871
"<{REGENCY CAKESTAND 3 TIER},{SET OF 3 CAKE TINS PANTRY DESIGN}>",0.032137866790871,2,580,3.2137866790871
"<{SET OF 6 SPICE TINS PANTRY DESIGN},{SET OF 3 CAKE TINS PANTRY DESIGN}>",0.032137866790871,2,580,3.2137866790871
"<{WHITE HANGING HEART T-LIGHT HOLDER},{SET OF 3 CAKE TINS PANTRY DESIGN}>",0.032137866790871,2,580,3.2137866790871
"<{PINK VINTAGE PAISLEY PICNIC BAG,SCANDINAVIAN PAISLEY PICNIC BAG}>",0.032137866790871,2,580,3.2137866790871
"<{REGENCY TEA PLATE PINK,REGENCY TEA PLATE ROSES}>",0.032137866790871,2,580,3.2137866790871
"<{GREEN REGENCY TEACUP AND SAUCER},{REGENCY CAKESTAND 3 TIER}>",0.032137866790871,2,580,3.2137866790871
"<{RED RETROSPOT CHARLOTTE BAG,CHARLOTTE BAG SUKI DESIGN}>",0.032137866790871,2,580,3.2137866790871
"<{JAM MAKING SET WITH JARS,RECIPE BOX PANTRY YELLOW DESIGN}>",0.032137866790871,2,580,3.2137866790871
"<{PAPER CHAIN KIT VINTAGE CHRISTMAS,60 CAKE CASES VINTAGE CHRISTMAS}>",0.032137866790871,2,580,3.2137866790871
"<{REGENCY CAKESTAND 3 TIER},{PAPER CHAIN KIT 50'S CHRISTMAS}>",0.032137866790871,2,580,3.2137866790871
"<{LUNCH BAG SUKI DESIGN,LUNCH BAG VINTAGE LEAF DESIGN}>",0.032137866790871,2,580,3.2137866790871
"<{LUNCH BAG ALPHABET DESIGN},{LUNCH BAG VINTAGE DOILY}>",0.032137866790871,2,580,3.2137866790871
"<{LUNCH BAG RED RETROSPOT,LUNCH BAG SPACEBOY DESIGN},{LUNCH BAG RED RETROSPOT}>",0.032137866790871,3,580,3.2137866790871
"<{LUNCH BAG  BLACK SKULL.,LUNCH BAG CARS BLUE,LUNCH BAG PINK POLKADOT}>",0.032137866790871,3,580,3.2137866790871
"<{JUMBO BAG PINK POLKADOT},{JUMBO BAG VINTAGE DOILY}>",0.032137866790871,2,580,3.2137866790871
"<{LUNCH BAG SPACEBOY DESIGN},{JUMBO BAG RED RETROSPOT}>",0.032137866790871,2,580,3.2137866790871
"<{JUMBO BAG PINK POLKADOT,JUMBO BAG PINK VINTAGE PAISLEY}>",0.032137866790871,2,580,3.2137866790871
"<{LUNCH BAG RED RETROSPOT},{JUMBO BAG 50'S CHRISTMAS}>",0.032137866790871,2,580,3.2137866790871
"<{HAND WARMER OWL DESIGN,HAND WARMER RED RETROSPOT}>",0.032137866790871,2,580,3.2137866790871
"<{ASSORTED COLOUR BIRD ORNAMENT},{WHITE HANGING HEART T-LIGHT HOLDER}>",0.0319049836981835,2,576,3.19049836981835
"<{SET OF 3 CAKE TINS PANTRY DESIGN},{WHITE HANGING HEART T-LIGHT HOLDER}>",0.0319049836981835,2,576,3.19049836981835
"<{SET OF 3 CAKE TINS PANTRY DESIGN,SET OF 3 REGENCY CAKE TINS}>",0.0319049836981835,2,576,3.19049836981835
"<{POPPY'S PLAYHOUSE BEDROOM,POPPY'S PLAYHOUSE KITCHEN,POPPY'S PLAYHOUSE LIVINGROOM}>",0.0319049836981835,3,576,3.19049836981835
"<{GIN + TONIC DIET METAL SIGN,PLEASE ONE PERSON METAL SIGN}>",0.0319049836981835,2,576,3.19049836981835
"<{REGENCY CAKESTAND 3 TIER},{PINK REGENCY TEACUP AND SAUCER}>",0.0319049836981835,2,576,3.19049836981835
"<{PACK OF 72 RETROSPOT CAKE CASES},{PAPER CHAIN KIT 50'S CHRISTMAS}>",0.0319049836981835,2,576,3.19049836981835
"<{LUNCH BAG APPLE DESIGN},{LUNCH BAG VINTAGE DOILY}>",0.0319049836981835,2,576,3.19049836981835
"<{WHITE HANGING HEART T-LIGHT HOLDER},{LUNCH BAG RED RETROSPOT}>",0.0319049836981835,2,576,3.19049836981835
"<{LUNCH BAG RED RETROSPOT,LUNCH BAG WOODLAND},{LUNCH BAG RED RETROSPOT}>",0.0319049836981835,3,576,3.19049836981835
"<{LUNCH BAG PINK POLKADOT},{LUNCH BAG PINK POLKADOT,LUNCH BAG RED RETROSPOT}>",0.0319049836981835,3,576,3.19049836981835
"<{LUNCH BAG SUKI DESIGN},{LUNCH BAG ALPHABET DESIGN}>",0.0319049836981835,2,576,3.19049836981835
"<{LUNCH BAG RED RETROSPOT},{JUMBO BAG VINTAGE DOILY}>",0.0319049836981835,2,576,3.19049836981835
"<{JUMBO BAG RED RETROSPOT,LUNCH BAG RED RETROSPOT},{JUMBO BAG RED RETROSPOT}>",0.0319049836981835,3,576,3.19049836981835
"<{FELTCRAFT CUSHION BUTTERFLY,FELTCRAFT CUSHION RABBIT}>",0.0319049836981835,2,576,3.19049836981835
"<{ALARM CLOCK BAKELIKE GREEN,ALARM CLOCK BAKELIKE RED},{ALARM CLOCK BAKELIKE RED}>",0.0319049836981835,3,576,3.19049836981835
"<{ROUND SNACK BOXES SET OF 4 FRUITS,ROUND SNACK BOXES SET OF4 WOODLAND}>",0.031672100605496,2,572,3.1672100605496
"<{JAM MAKING SET WITH JARS,REGENCY CAKESTAND 3 TIER}>",0.031672100605496,2,572,3.1672100605496
"<{JUMBO BAG 50'S CHRISTMAS,PAPER CHAIN KIT 50'S CHRISTMAS}>",0.031672100605496,2,572,3.1672100605496
"<{LUNCH BAG APPLE DESIGN},{LUNCH BAG WOODLAND}>",0.031672100605496,2,572,3.1672100605496
"<{LUNCH BAG  BLACK SKULL.,LUNCH BAG VINTAGE LEAF DESIGN}>",0.031672100605496,2,572,3.1672100605496
"<{JUMBO BAG RED RETROSPOT},{LUNCH BAG SUKI DESIGN}>",0.031672100605496,2,572,3.1672100605496
"<{LUNCH BAG DOLLY GIRL DESIGN},{LUNCH BAG RED RETROSPOT}>",0.031672100605496,2,572,3.1672100605496
"<{LUNCH BAG VINTAGE LEAF DESIGN},{LUNCH BAG RED RETROSPOT}>",0.031672100605496,2,572,3.1672100605496
"<{JUMBO BAG RED RETROSPOT},{JUMBO BAG RED RETROSPOT,LUNCH BAG RED RETROSPOT}>",0.031672100605496,3,572,3.1672100605496
"<{LUNCH BAG CARS BLUE,LUNCH BAG DOLLY GIRL DESIGN}>",0.031672100605496,2,572,3.1672100605496
"<{JUMBO BAG RED RETROSPOT,LUNCH BAG APPLE DESIGN}>",0.031672100605496,2,572,3.1672100605496
"<{LUNCH BAG RED RETROSPOT},{LUNCH BAG RED RETROSPOT},{LUNCH BAG  BLACK SKULL.}>",0.031672100605496,3,572,3.1672100605496
"<{JUMBO BAG PINK VINTAGE PAISLEY},{JUMBO BAG RED RETROSPOT}>",0.031672100605496,2,572,3.1672100605496
"<{HOT WATER BOTTLE I AM SO POORLY,HOT WATER BOTTLE TEA AND SYMPATHY}>",0.031672100605496,2,572,3.1672100605496
"<{HOT WATER BOTTLE I AM SO POORLY,HOT WATER BOTTLE KEEP CALM}>",0.031672100605496,2,572,3.1672100605496
"<{WHITE HANGING HEART T-LIGHT HOLDER},{HOT WATER BOTTLE KEEP CALM}>",0.031672100605496,2,572,3.1672100605496
"<{ALARM CLOCK BAKELIKE GREEN},{ALARM CLOCK BAKELIKE GREEN,ALARM CLOCK BAKELIKE RED}>",0.031672100605496,3,572,3.1672100605496
"<{ALARM CLOCK BAKELIKE IVORY,ALARM CLOCK BAKELIKE PINK}>",0.031672100605496,2,572,3.1672100605496
"<{PLASTERS IN TIN VINTAGE PAISLEY,PLASTERS IN TIN WOODLAND ANIMALS}>",0.0314392175128086,2,568,3.14392175128086
"<{LUNCH BAG DOLLY GIRL DESIGN,LUNCH BAG SUKI DESIGN}>",0.0314392175128086,2,568,3.14392175128086
"<{LUNCH BAG  BLACK SKULL.,LUNCH BAG RED RETROSPOT,LUNCH BAG SUKI DESIGN}>",0.0314392175128086,3,568,3.14392175128086
"<{LUNCH BAG RED RETROSPOT},{LUNCH BAG CARS BLUE,LUNCH BAG RED RETROSPOT}>",0.0314392175128086,3,568,3.14392175128086
"<{LUNCH BAG  BLACK SKULL.,LUNCH BAG CARS BLUE,LUNCH BAG RED RETROSPOT}>",0.0314392175128086,3,568,3.14392175128086
"<{LUNCH BAG PINK POLKADOT,LUNCH BAG RED RETROSPOT},{LUNCH BAG PINK POLKADOT}>",0.0314392175128086,3,568,3.14392175128086
"<{HEART OF WICKER LARGE},{LARGE WHITE HEART OF WICKER}>",0.0314392175128086,2,568,3.14392175128086
"<{JUMBO BAG VINTAGE LEAF},{JUMBO BAG VINTAGE DOILY}>",0.0314392175128086,2,568,3.14392175128086
"<{JUMBO BAG RED RETROSPOT},{JUMBO BAG RED RETROSPOT,JUMBO BAG VINTAGE DOILY}>",0.0314392175128086,3,568,3.14392175128086
"<{JUMBO BAG RED RETROSPOT},{JUMBO BAG PEARS}>",0.0314392175128086,2,568,3.14392175128086
"<{JUMBO BAG RED RETROSPOT},{JUMBO BAG DOILEY PATTERNS}>",0.0314392175128086,2,568,3.14392175128086
"<{JUMBO BAG ALPHABET},{JUMBO BAG 50'S CHRISTMAS}>",0.0314392175128086,2,568,3.14392175128086
"<{HAND WARMER RED LOVE HEART,HAND WARMER UNION JACK}>",0.0314392175128086,2,568,3.14392175128086
"<{ALARM CLOCK BAKELIKE RED},{ALARM CLOCK BAKELIKE PINK}>",0.0314392175128086,2,568,3.14392175128086
"<{SET OF 6 SNACK LOAF BAKING CASES,SET OF 6 TEA TIME BAKING CASES}>",0.0312063344201211,2,563,3.12063344201211
"<{SET OF 3 CAKE TINS PANTRY DESIGN,SET OF 4 PANTRY JELLY MOULDS}>",0.0312063344201211,2,563,3.12063344201211
"<{JUMBO BAG RED RETROSPOT},{RED RETROSPOT CHARLOTTE BAG}>",0.0312063344201211,2,563,3.12063344201211
"<{LUNCH BAG RED RETROSPOT},{LUNCH BAG RED RETROSPOT,LUNCH BAG SPACEBOY DESIGN}>",0.0312063344201211,3,563,3.12063344201211
"<{LUNCH BAG CARS BLUE},{LUNCH BAG PINK POLKADOT,LUNCH BAG RED RETROSPOT}>",0.0312063344201211,3,563,3.12063344201211
"<{LUNCH BAG RED RETROSPOT},{LUNCH BAG APPLE DESIGN,LUNCH BAG RED RETROSPOT}>",0.0312063344201211,3,563,3.12063344201211
"<{LUNCH BAG DOLLY GIRL DESIGN,LUNCH BAG PINK POLKADOT}>",0.0312063344201211,2,563,3.12063344201211
"<{WHITE HANGING HEART T-LIGHT HOLDER},{LUNCH BAG CARS BLUE}>",0.0312063344201211,2,563,3.12063344201211
"<{LUNCH BAG RED RETROSPOT},{JUMBO BAG PINK POLKADOT}>",0.0312063344201211,2,563,3.12063344201211
"<{REGENCY CAKESTAND 3 TIER},{HOT WATER BOTTLE KEEP CALM}>",0.0312063344201211,2,563,3.12063344201211
"<{HAND WARMER RED LOVE HEART,HAND WARMER SCOTTY DOG DESIGN}>",0.0312063344201211,2,563,3.12063344201211
"<{PACK OF 72 RETROSPOT CAKE CASES},{SPOTTY BUNTING}>",0.0309734513274336,2,559,3.09734513274336
"<{PARTY BUNTING},{PARTY BUNTING,SPOTTY BUNTING}>",0.0309734513274336,3,559,3.09734513274336
"<{PAPER CHAIN KIT 50'S CHRISTMAS,SET OF 20 VINTAGE CHRISTMAS NAPKINS}>",0.0309734513274336,2,559,3.09734513274336
"<{PAPER CHAIN KIT VINTAGE CHRISTMAS,SET OF 20 VINTAGE CHRISTMAS NAPKINS}>",0.0309734513274336,2,559,3.09734513274336
"<{REGENCY CAKESTAND 3 TIER},{REGENCY TEAPOT ROSES}>",0.0309734513274336,2,559,3.09734513274336
"<{ASSORTED COLOUR BIRD ORNAMENT},{REGENCY CAKESTAND 3 TIER}>",0.0309734513274336,2,559,3.09734513274336
"<{HAND OVER THE CHOCOLATE   SIGN,PLEASE ONE PERSON METAL SIGN}>",0.0309734513274336,2,559,3.09734513274336
"<{PAPER CHAIN KIT VINTAGE CHRISTMAS},{PAPER CHAIN KIT 50'S CHRISTMAS}>",0.0309734513274336,2,559,3.09734513274336
"<{WHITE HANGING HEART T-LIGHT HOLDER},{PAPER CHAIN KIT 50'S CHRISTMAS}>",0.0309734513274336,2,559,3.09734513274336
"<{LUNCH BAG  BLACK SKULL.,LUNCH BAG VINTAGE DOILY}>",0.0309734513274336,2,559,3.09734513274336
"<{JUMBO BAG RED RETROSPOT,LUNCH BAG SUKI DESIGN}>",0.0309734513274336,2,559,3.09734513274336
"<{LUNCH BAG CARS BLUE},{LUNCH BAG RED RETROSPOT,LUNCH BAG SUKI DESIGN}>",0.0309734513274336,3,559,3.09734513274336
"<{LUNCH BAG CARS BLUE,LUNCH BAG RED RETROSPOT,LUNCH BAG SPACEBOY DESIGN}>",0.0309734513274336,3,559,3.09734513274336
"<{LUNCH BAG DOILEY PATTERN},{LUNCH BAG RED RETROSPOT}>",0.0309734513274336,2,559,3.09734513274336
"<{LUNCH BAG WOODLAND},{LUNCH BAG PINK POLKADOT}>",0.0309734513274336,2,559,3.09734513274336
"<{WHITE HANGING HEART T-LIGHT HOLDER},{LUNCH BAG  BLACK SKULL.}>",0.0309734513274336,2,559,3.09734513274336
"<{JUMBO BAG RED RETROSPOT},{JUMBO BAG RED RETROSPOT},{JUMBO BAG VINTAGE DOILY}>",0.0309734513274336,3,559,3.09734513274336
"<{LUNCH BAG APPLE DESIGN},{JUMBO BAG RED RETROSPOT}>",0.0309734513274336,2,559,3.09734513274336
"<{LUNCH BAG SUKI DESIGN},{JUMBO BAG RED RETROSPOT}>",0.0309734513274336,2,559,3.09734513274336
"<{PARTY BUNTING},{JUMBO BAG RED RETROSPOT}>",0.0309734513274336,2,559,3.09734513274336
"<{LUNCH BAG PINK POLKADOT},{JUMBO BAG 50'S CHRISTMAS}>",0.0309734513274336,2,559,3.09734513274336
"<{ALARM CLOCK BAKELIKE GREEN,ALARM CLOCK BAKELIKE RED},{ALARM CLOCK BAKELIKE GREEN}>",0.0309734513274336,3,559,3.09734513274336
"<{SET/20 RED RETROSPOT PAPER NAPKINS,SET/6 RED SPOTTY PAPER PLATES}>",0.0307405682347462,2,555,3.07405682347462
"<{PARTY BUNTING},{SET OF 3 REGENCY CAKE TINS}>",0.0307405682347462,2,555,3.07405682347462
"<{REGENCY TEA PLATE GREEN,REGENCY TEA PLATE PINK,REGENCY TEA PLATE ROSES}>",0.0307405682347462,3,555,3.07405682347462
"<{SET OF 3 CAKE TINS PANTRY DESIGN},{RECIPE BOX PANTRY YELLOW DESIGN}>",0.0307405682347462,2,555,3.07405682347462
"<{ASSORTED COLOUR BIRD ORNAMENT,PARTY BUNTING}>",0.0307405682347462,2,555,3.07405682347462
"<{LUNCH BAG DOLLY GIRL DESIGN,LUNCH BAG WOODLAND}>",0.0307405682347462,2,555,3.07405682347462
"<{LUNCH BAG RED RETROSPOT},{LUNCH BAG RED RETROSPOT,LUNCH BAG WOODLAND}>",0.0307405682347462,3,555,3.07405682347462
"<{JUMBO BAG VINTAGE LEAF,LUNCH BAG VINTAGE LEAF DESIGN}>",0.0307405682347462,2,555,3.07405682347462
"<{JUMBO BAG RED RETROSPOT},{LUNCH BAG VINTAGE DOILY}>",0.0307405682347462,2,555,3.07405682347462
"<{LUNCH BAG SUKI DESIGN},{LUNCH BAG VINTAGE DOILY}>",0.0307405682347462,2,555,3.07405682347462
"<{LUNCH BAG ALPHABET DESIGN},{LUNCH BAG SUKI DESIGN}>",0.0307405682347462,2,555,3.07405682347462
"<{LUNCH BAG PINK POLKADOT,LUNCH BAG RED RETROSPOT,LUNCH BAG SUKI DESIGN}>",0.0307405682347462,3,555,3.07405682347462
"<{LUNCH BAG DOLLY GIRL DESIGN},{LUNCH BAG SPACEBOY DESIGN}>",0.0307405682347462,2,555,3.07405682347462
"<{LUNCH BAG ALPHABET DESIGN},{LUNCH BAG PINK POLKADOT}>",0.0307405682347462,2,555,3.07405682347462
"<{LUNCH BAG RED RETROSPOT},{LUNCH BAG DOLLY GIRL DESIGN}>",0.0307405682347462,2,555,3.07405682347462
"<{LUNCH BAG  BLACK SKULL.,LUNCH BAG CARS BLUE},{LUNCH BAG  BLACK SKULL.}>",0.0307405682347462,3,555,3.07405682347462
"<{JUMBO BAG ALPHABET},{JUMBO BAG VINTAGE DOILY}>",0.0307405682347462,2,555,3.07405682347462
"<{JUMBO BAG APPLES},{JUMBO BAG VINTAGE DOILY}>",0.0307405682347462,2,555,3.07405682347462
"<{JUMBO  BAG BAROQUE BLACK WHITE,JUMBO BAG PINK POLKADOT}>",0.0307405682347462,2,555,3.07405682347462
"<{JUMBO BAG PINK POLKADOT,JUMBO BAG RED RETROSPOT},{JUMBO BAG PINK POLKADOT}>",0.0307405682347462,3,555,3.07405682347462
"<{STRAWBERRY CERAMIC TRINKET BOX,SWEETHEART CERAMIC TRINKET BOX}>",0.0305076851420587,2,551,3.05076851420587
"<{SET OF 3 WOODEN STOCKING DECORATION,SET OF 3 WOODEN TREE DECORATIONS}>",0.0305076851420587,2,551,3.05076851420587
"<{REGENCY MILK JUG PINK,REGENCY SUGAR BOWL GREEN,REGENCY TEAPOT ROSES}>",0.0305076851420587,3,551,3.05076851420587
"<{LUNCH BAG CARS BLUE,LUNCH BAG PINK POLKADOT,LUNCH BAG SPACEBOY DESIGN}>",0.0305076851420587,3,551,3.05076851420587
"<{JUMBO BAG RED RETROSPOT},{LUNCH BAG RED RETROSPOT},{JUMBO BAG RED RETROSPOT}>",0.0305076851420587,3,551,3.05076851420587
"<{CHRISTMAS CRAFT TREE TOP ANGEL,CHRISTMAS CRAFT WHITE FAIRY}>",0.0305076851420587,2,551,3.05076851420587
"<{ALARM CLOCK BAKELIKE ORANGE,ALARM CLOCK BAKELIKE RED}>",0.0305076851420587,2,551,3.05076851420587
"<{SET OF 3 CAKE TINS PANTRY DESIGN,WHITE HANGING HEART T-LIGHT HOLDER}>",0.0302748020493712,2,547,3.02748020493712
"<{RED HANGING HEART T-LIGHT HOLDER,WHITE HANGING HEART T-LIGHT HOLDER},{WHITE HANGING HEART T-LIGHT HOLDER}>",0.0302748020493712,3,547,3.02748020493712
"<{JAM MAKING SET WITH JARS,SET OF 6 SPICE TINS PANTRY DESIGN}>",0.0302748020493712,2,547,3.02748020493712
"<{GREEN REGENCY TEACUP AND SAUCER},{ROSES REGENCY TEACUP AND SAUCER}>",0.0302748020493712,2,547,3.02748020493712
"<{PLASTERS IN TIN SPACEBOY,PLASTERS IN TIN STRONGMAN}>",0.0302748020493712,2,547,3.02748020493712
"<{PAPER CHAIN KIT 50'S CHRISTMAS},{PAPER CHAIN KIT VINTAGE CHRISTMAS}>",0.0302748020493712,2,547,3.02748020493712
"<{PACK OF 72 RETROSPOT CAKE CASES,60 CAKE CASES DOLLY GIRL DESIGN}>",0.0302748020493712,2,547,3.02748020493712
"<{LUNCH BAG RED RETROSPOT,PACK OF 72 RETROSPOT CAKE CASES}>",0.0302748020493712,2,547,3.02748020493712
"<{72 SWEETHEART FAIRY CAKE CASES,PACK OF 60 DINOSAUR CAKE CASES}>",0.0302748020493712,2,547,3.02748020493712
"<{LUNCH BAG CARS BLUE,LUNCH BAG RED RETROSPOT,LUNCH BAG WOODLAND}>",0.0302748020493712,3,547,3.02748020493712
"<{LUNCH BAG CARS BLUE},{LUNCH BAG VINTAGE LEAF DESIGN}>",0.0302748020493712,2,547,3.02748020493712
"<{LUNCH BAG SPACEBOY DESIGN,LUNCH BAG VINTAGE DOILY}>",0.0302748020493712,2,547,3.02748020493712
"<{LUNCH BAG SUKI DESIGN,LUNCH BAG VINTAGE DOILY}>",0.0302748020493712,2,547,3.02748020493712
"<{LUNCH BAG RED RETROSPOT,LUNCH BAG SUKI DESIGN},{LUNCH BAG RED RETROSPOT}>",0.0302748020493712,3,547,3.02748020493712
"<{LUNCH BAG RED RETROSPOT},{LUNCH BAG DOILEY PATTERN}>",0.0302748020493712,2,547,3.02748020493712
"<{LUNCH BAG PINK POLKADOT,LUNCH BAG RED RETROSPOT},{LUNCH BAG  BLACK SKULL.}>",0.0302748020493712,3,547,3.02748020493712
"<{LUNCH BAG CARS BLUE,LUNCH BAG RED RETROSPOT},{LUNCH BAG  BLACK SKULL.}>",0.0302748020493712,3,547,3.02748020493712
"<{LUNCH BAG  BLACK SKULL.,LUNCH BAG PINK POLKADOT},{LUNCH BAG  BLACK SKULL.}>",0.0302748020493712,3,547,3.02748020493712
"<{JUMBO BAG RED RETROSPOT},{JUMBO BAG APPLES,JUMBO BAG RED RETROSPOT}>",0.0302748020493712,3,547,3.02748020493712
"<{LUNCH BAG RED RETROSPOT},{JUMBO BAG APPLES}>",0.0302748020493712,2,547,3.02748020493712
"<{JUMBO BAG PINK POLKADOT},{JUMBO BAG 50'S CHRISTMAS}>",0.0302748020493712,2,547,3.02748020493712
"<{HAND WARMER BIRD DESIGN,HAND WARMER UNION JACK}>",0.0302748020493712,2,547,3.02748020493712
"<{HAND WARMER RED RETROSPOT,HAND WARMER SCOTTY DOG DESIGN}>",0.0302748020493712,2,547,3.02748020493712
"<{ALARM CLOCK BAKELIKE PINK},{ALARM CLOCK BAKELIKE GREEN}>",0.0302748020493712,2,547,3.02748020493712
"<{JAM MAKING SET WITH JARS},{PAPER CHAIN KIT 50'S CHRISTMAS}>",0.0300419189566837,2,542,3.00419189566837
"<{LUNCH BAG CARS BLUE,LUNCH BAG RED RETROSPOT},{LUNCH BAG SUKI DESIGN}>",0.0300419189566837,3,542,3.00419189566837
"<{JUMBO BAG PINK POLKADOT},{LUNCH BAG RED RETROSPOT}>",0.0300419189566837,2,542,3.00419189566837
"<{LUNCH BAG CARS BLUE,LUNCH BAG PINK POLKADOT},{LUNCH BAG RED RETROSPOT}>",0.0300419189566837,3,542,3.00419189566837
"<{LUNCH BAG  BLACK SKULL.,LUNCH BAG PINK POLKADOT},{LUNCH BAG RED RETROSPOT}>",0.0300419189566837,3,542,3.00419189566837
"<{LUNCH BAG RED RETROSPOT},{LUNCH BAG PAISLEY PARK}>",0.0300419189566837,2,542,3.00419189566837
"<{LUNCH BAG APPLE DESIGN,LUNCH BAG DOILEY PATTERN}>",0.0300419189566837,2,542,3.00419189566837
"<{JUMBO BAG DOILEY PATTERNS,JUMBO BAG VINTAGE LEAF}>",0.0300419189566837,2,542,3.00419189566837
"<{RED RETROSPOT CHARLOTTE BAG},{JUMBO BAG RED RETROSPOT}>",0.0300419189566837,2,542,3.00419189566837
"<{JUMBO BAG PINK POLKADOT},{JUMBO BAG APPLES}>",0.0300419189566837,2,542,3.00419189566837
"<{LUNCH BAG RED RETROSPOT},{JUMBO BAG ALPHABET}>",0.0300419189566837,2,542,3.00419189566837
